Plant variety,Type,RHS PfP,Label,Mean marjoram score,Mean insect count/m²
Ageratum houstonianum 'High Tide Blue',Bedding,+,+,2.47,14.92
Cosmos bipinnatus 'Sonata Carmine',Bedding,+,+,2.34,14.15
Iberis 'Masterpiece',Multi-year,,,1.32,7.96
Gypsophila muralis 'Teeny Deep Rose',Bedding,,,1.25,7.54
Astilbe 'Younique Carmine',Multi-year,,,1.21,7.31
Origanum vulgare,Multi-year,,n/a,1.00,6.05
Veronica 'Inspire Pink',Multi-year,,,0.84,5.09
Campanula 'Blue Moon',Multi-year,,,0.73,4.41
Rosa 'Flower Carpet Pink' (Noatrawn),Multi-year,,,0.63,3.83
Salvia nemorosa 'Caradonna',Multi-year,+,+,0.63,3.82
Hebe 'Sparkling Sapphires',Multi-year,+,,0.62,3.77
Leucanthemum x superbum 'Lacrosse',Multi-year,+,+,0.58,3.54
Rudbeckia hirta 'Toto Gold',Bedding,+,,0.47,2.83
Cosmos bipinnatus 'Sonata Pink',Bedding,+,,0.39,2.36
Lavandula stoechas 'Anouk',Multi-year,+,+,0.38,2.31
Veronica longifolia 'First Lady',Multi-year,+,+,0.37,2.21
Dianthus barbatus 'Dash Pink',Multi-year,,,0.28,1.70
Dianthus barbatus 'Sweet Black Cherry',Multi-year,+,,0.28,1.68
Antirrhinum 'Peachy Bronze',Bedding,,,0.25,1.51
Verbascum 'Lavender Lass',Multi-year,,,0.21,1.27
Delosperma 'Jewel of Desert Moon Stone',Multi-year,,,0.16,0.94
Gaura lindheimeri 'Gaudi Pink',Multi-year,,,0.15,0.93
Sanvitalia 'Super Gold Upright',Bedding,,,0.15,0.90
Petunia x hybrida 'Mystical Cha-Ching',Bedding,,,0.15,0.88
Tagetes 'Antigua Vanilla',Bedding,,,0.11,0.69
Salvia splendens 'Vista Purple',Bedding,,,0.11,0.68
Fuchsia 'Beacon',Multi-year,,,0.11,0.66
Bacopa 'Pink',Bedding,,,0.10,0.58
Bacopa 'Blue',Bedding,,,0.09,0.53
Salvia x jamensis 'Hot Lips',Multi-year,,,0.08,0.48
Dianthus barbatus 'Purple Picotee',Multi-year,,,0.08,0.48
Salvia farinacea 'Victoria Blue',Bedding,+,,0.08,0.47
Salvia farinacea 'Victoria Blue Bicolour',Bedding,,,0.08,0.46
Lantana camara 'Lucky Sunrise Rose',Bedding,,,0.08,0.46
Celosia argentea cristata 'Fresh Look Red',Bedding,,,0.07,0.42
Petunia x hybrida 'Easy Wave Red Velour',Bedding,,,0.06,0.39
Rosa 'Raspberry Royale',Multi-year,,,0.06,0.34
Tagetes erecta 'Taishan Orange',Bedding,,,0.05,0.29
Dahlia 'Pomponella Bicolor',Bedding,,,0.05,0.28
Fuchsia 'Display',Multi-year,,,0.04,0.27
Fuchsia 'Dollar Princess',Multi-year,,,0.04,0.22
Dianthus caryophyllus nanus 'Lillipot Purple',Bedding,,,0.03,0.19
Rehmannia 'Walberton's Magic Dragon',Multi-year,,,0.03,0.17
Isotoma axillaris 'Avante-Garde Blue',Multi-year,,,0.02,0.11
Alstroemeria 'Princess Letizia',Multi-year,,,0.00,0.00
Angelonia angustifolia 'Archangel Blue',Multi-year,,,0.00,0.00
Begonia x tuberhybrida 'Nonstop Scarlet Red',Bedding,,,0.00,0.00
Celosia argentea cristata 'Fresh Look Orange',Bedding,,,0.00,0.00
Dianthus barbatus 'Festival White Flame',Multi-year,,,0.00,0.00
Dianthus caryophyllus nanus 'Lillipot Red',Bedding,,,0.00,0.00
Diascia 'Flying Colours Red',Multi-year,,,0.00,0.00
Fuchsia 'Tom Thumb',Multi-year,,,0.00,0.00
Nicotiana x sanderae 'Cuba White',Bedding,,,0.00,0.00
Nicotiana x sanderae 'Cuba Yellow',Bedding,,,0.00,0.00
Pelargonium 'Calliope Deep Red',Bedding,,,0.00,0.00
Pelargonium 'Calliope Lavender Rose',Bedding,,,0.00,0.00
Pelargonium 'Calliope Rose Splash',Bedding,,,0.00,0.00
Pelargonium peltatum 'Viletta Burgundy/White',Bedding,,,0.00,0.00
Pelargonium peltatum 'Villetta Red',Bedding,,,0.00,0.00
Petunia 'Pirouette Double Blue',Bedding,,,0.00,0.00
Petunia 'Pirouette Double Purple',Bedding,,,0.00,0.00
Petunia 'Satina Purple',Bedding,,,0.00,0.00
Phygelius 'Funfare Coral',Multi-year,,,0.00,0.00
Phygelius 'Funfare Wine',Multi-year,,,0.00,0.00
Rosa 'Scarlet',Multi-year,,,0.00,0.00
Rosa 'Sweet Dream',Multi-year,,,0.00,0.00
Salvia splendens 'Vista Salmon',Bedding,,,0.00,0.00
Tagetes erecta 'Vanilla',Bedding,,,0.00,0.00
Tagetes patula 'Durango Bee',Bedding,,,0.00,0.00
Verbena x hybrida 'Lanai Twister Blue',Bedding,,,0.00,0.00
